"seller_city","num_sellers","num_orders","avg_review","avg_one_star_rate","avg_delivery_lead_time","num_late_deliveries","avg_late_delivery_rate"
"ALFENAS","2","64","4.08","0.54","15.02","4","0.06"
"ALVARES MACHADO","1","6","4.00","0.00","7.92","0","0.00"
"ALVORADA","1","7","4.00","0.14","6.70","0","0.00"
"AMERICANA","10","99","4.40","0.17","16.18","12","0.12"
"AMPARO","5","92","3.96","0.08","8.95","11","0.12"
"AMPERE","1","21","4.71","0.00","11.93","0","0.00"
"ANAPOLIS","3","28","4.47","0.17","15.04","1","0.04"
"ANDRADAS","2","55","4.20","0.11","14.87","3","0.06"
"APARECIDA","1","39","4.32","0.03","13.20","2","0.05"
"APARECIDA DE GOIANIA","1","67","4.42","0.07","15.02","1","0.02"
"APERIBE","1","18","4.29","0.00","13.72","1","0.06"
"APUCARANA","8","118","4.43","0.09","12.45","6","0.05"
"ARACATUBA","5","73","4.04","0.06","15.19","3","0.04"
"ARAGUARI","4","478","4.27","0.32","14.69","25","0.05"
"ARAPONGAS","10","132","4.03","0.26","12.63","10","0.08"
"ARARAQUARA","11","225","4.21","0.09","12.25","17","0.08"
"ARARAS","4","48","4.15","0.06","8.98","5","0.10"
"ARAUCARIA","2","27","4.00","0.20","11.36","3","0.11"
"ARINOS","1","9","3.89","0.00","11.93","1","0.11"
"ARTUR NOGUEIRA","3","23","3.70","0.55","12.23","2","0.11"
"ARUJA","3","32","3.66","0.20","11.27","1","0.04"
"ARVOREZINHA","1","22","4.59","0.00","11.82","1","0.05"
"ASSIS","8","286","4.18","0.12","12.61","15","0.05"
"ATIBAIA","11","600","4.08","0.04","9.77","62","0.11"
"AURIFLAMA","2","13","4.47","0.00","7.44","0","0.00"
"BADY BASSITT","2","19","3.00","0.27","16.41","2","0.14"
"BAEPENDI","2","179","4.18","0.10","14.25","11","0.06"
"BARIRI","2","32","3.62","0.27","10.32","2","0.07"
"BARRA DO JACARE","1","32","4.00","0.13","12.37","3","0.10"
"BARRA MANSA","4","27","3.59","0.16","13.55","2","0.08"
"BARRETOS","4","49","3.88","0.11","15.88","7","0.15"
"BARUERI","13","462","4.15","0.14","10.42","29","0.07"
"BATATAIS","3","59","4.28","0.04","13.93","4","0.07"
"BAURU","14","161","4.13","0.28","11.40","9","0.06"
"BEBEDOURO","1","127","4.12","0.09","14.69","12","0.10"
"BELO HORIZONTE","70","2425","4.21","0.13","11.90","113","0.05"
"BENTO GONCALVES","2","29","4.34","0.07","11.66","4","0.14"
"BERTIOGA","1","59","4.15","0.07","11.10","1","0.02"
"BETIM","5","271","4.14","0.07","9.15","5","0.02"
"BIRIGUI","10","99","4.34","0.07","11.06","4","0.04"
"BLUMENAU","21","425","4.27","0.13","10.63","9","0.02"
"BOCAIUVA DO SUL","1","11","3.90","0.20","10.65","0","0.00"
"BOITUVA","3","17","3.94","0.38","10.99","1","0.06"
"BOMBINHAS","1","94","3.88","0.18","18.88","11","0.12"
"BORDA DA MATA","4","471","4.20","0.08","11.29","13","0.03"
"BOTUCATU","4","87","4.21","0.09","11.28","7","0.08"
"BRACO DO NORTE","1","19","4.21","0.05","8.45","0","0.00"
"BRAGANCA PAULISTA","6","93","4.17","0.22","15.01","9","0.10"
"BRASILIA","17","299","4.23","0.19","12.33","23","0.08"
"BREJAO","1","35","4.46","0.06","11.62","0","0.00"
"BRUSQUE","10","323","3.68","0.12","13.02","20","0.06"
"BURITAMA","1","12","4.67","0.00","10.74","0","0.00"
"CACHOEIRINHA","3","64","4.25","0.05","10.28","3","0.05"
"CACHOEIRO DE ITAPEMIRIM","4","13","4.23","0.00","11.11","2","0.15"
"CAFELANDIA","2","39","4.13","0.15","14.34","3","0.08"
"CAJAMAR","2","199","4.45","0.03","7.10","13","0.07"
"CALIFORNIA","1","6","3.67","0.00","10.38","0","0.00"
"CAMANDUCAIA","1","10","4.30","0.10","7.59","0","0.00"
"CAMBE","3","6","2.67","0.75","10.20","0","0.00"
"CAMBORIU","5","32","4.31","0.05","14.86","6","0.19"
"CAMPINA DAS MISSOES","1","11","3.36","0.27","15.41","1","0.09"
"CAMPINAS","41","1294","3.95","0.24","13.48","89","0.07"
"CAMPO BOM","2","20","4.30","0.09","14.04","1","0.05"
"CAMPO DO MEIO","2","18","4.39","0.03","10.66","0","0.00"
"CAMPO GRANDE","4","32","4.63","0.05","9.97","1","0.03"
"CAMPO LARGO","3","74","4.42","0.14","14.50","4","0.05"
"CAMPO LIMPO PAULISTA","2","1128","4.15","0.12","12.03","64","0.06"
"CAMPO MOURAO","1","54","4.52","0.04","13.18","1","0.02"
"CAMPOS DOS GOYTACAZES","2","13","4.53","0.00","6.04","0","0.00"
"CANANEIA","1","12","4.42","0.00","14.24","1","0.08"
"CANOAS","9","168","4.43","0.13","10.48","3","0.02"
"CANOINHAS","2","128","4.27","0.04","13.85","6","0.05"
"CAPIVARI","4","160","4.01","0.10","10.79","13","0.08"
"CARAPICUIBA","11","201","4.32","0.15","9.69","16","0.08"
"CARAZINHO","3","54","4.31","0.04","12.40","1","0.02"
"CARIACICA","3","206","4.01","0.04","14.38","13","0.06"
"CARMO DO CAJURU","1","8","4.38","0.00","16.07","0","0.00"
"CARUARU","2","7","4.00","0.09","13.41","0","0.00"
"CASCAVEL","15","503","4.03","0.14","11.31","30","0.06"
"CASTRO","2","19","3.88","0.20","16.92","0","0.00"
"CATANDUVA","10","41","4.27","0.01","13.08","1","0.02"
"CAUCAIA","1","27","4.44","0.11","19.17","4","0.15"
"CAXIAS DO SUL","18","203","4.30","0.07","9.67","11","0.05"
"CEILANDIA","3","37","3.54","0.31","14.62","4","0.12"
"CERQUEIRA CESAR","1","20","4.16","0.11","17.71","2","0.12"
"CHAPECO","3","7","5.00","0.00","8.85","0","0.00"
"CLAUDIO","6","92","3.57","0.23","19.72","16","0.19"
"COLOMBO","8","135","4.24","0.37","10.49","3","0.02"
"COLORADO","1","7","3.57","0.29","20.71","2","0.33"
"CONCHAL","2","18","4.28","0.14","13.27","0","0.00"
"CONCORDIA","1","24","4.22","0.17","7.91","0","0.00"
"CONGONHAL","1","99","3.26","0.31","21.08","6","0.07"
"CONGONHAS","1","40","4.33","0.00","13.18","0","0.00"
"CONSELHEIRO LAFAIETE","3","55","4.20","0.08","11.10","2","0.04"
"CONTAGEM","11","166","4.44","0.16","13.89","9","0.05"
"CORNELIO PROCOPIO","1","44","4.41","0.05","9.28","0","0.00"
"CORONEL FABRICIANO","2","36","3.22","0.26","12.71","4","0.12"
"COSMOPOLIS","2","12","4.17","0.09","18.72","2","0.17"
"COTIA","10","220","4.25","0.16","9.20","11","0.05"
"COXIM","1","17","4.13","0.19","16.53","3","0.18"
"CRICIUMA","4","34","4.09","0.08","13.95","6","0.18"
"CRUZEIRO","2","107","4.38","0.07","13.73","5","0.05"
"CUIABA","2","81","4.01","0.09","15.37","5","0.06"
"CURITIBA","126","2717","4.28","0.12","12.38","157","0.06"
"CURITIBANOS","2","23","4.05","0.07","19.10","1","0.05"
"DESCALVADO","1","16","4.25","0.13","12.73","2","0.13"
"DIADEMA","10","190","4.08","0.09","11.19","17","0.09"
"DIVINOPOLIS","8","122","3.88","0.11","11.72","9","0.08"
"DOIS CORREGOS","2","35","4.06","0.14","12.46","3","0.09"
"DOMINGOS MARTINS","1","15","4.67","0.00","10.25","0","0.00"
"DRACENA","1","228","4.09","0.06","15.23","23","0.10"
"DUQUE DE CAXIAS","3","26","4.04","0.11","9.30","2","0.08"
"ECHAPORA","2","62","4.05","0.14","11.52","2","0.03"
"EMBU-GUACU","1","19","3.95","0.11","10.45","1","0.05"
"ENGENHEIRO COELHO","1","16","4.19","0.06","10.07","3","0.19"
"ENTRE RIOS DO OESTE","1","8","4.00","0.25","12.93","0","0.00"
"ESTANCIA VELHA","2","13","4.39","0.05","7.27","1","0.08"
"EUNAPOLIS","1","11","4.36","0.09","9.26","0","0.00"
"FARROUPILHA","2","38","4.50","0.53","101.53","1","0.03"
"FAZENDA RIO GRANDE","6","67","4.21","0.12","12.94","2","0.03"
"FERNANDOPOLIS","4","50","3.98","0.29","11.92","4","0.08"
"FERRAZ DE VASCONCELOS","4","34","3.97","0.30","10.46","2","0.06"
"FLORES DA CUNHA","2","10","4.10","0.20","10.47","0","0.00"
"FLORESTA","1","22","4.50","0.00","8.11","0","0.00"
"FLORIANOPOLIS","19","220","4.03","0.22","13.33","16","0.08"
"FORMIGA","4","145","4.42","0.07","9.97","2","0.01"
"FORMOSA DO OESTE","1","10","4.20","0.10","10.85","0","0.00"
"FORTALEZA","7","50","4.24","0.24","22.62","4","0.08"
"FOZ DO IGUACU","5","180","3.64","0.11","16.17","27","0.16"
"FRANCA","18","505","4.04","0.11","15.01","65","0.13"
"FRANCA SP","2","100","4.08","0.29","16.24","10","0.10"
"FRANCISCO BELTRAO","4","66","4.22","0.03","7.74","3","0.05"
"FRANCISCO MORATO","1","6","4.33","0.17","12.00","1","0.17"
"FRANCO DA ROCHA","2","8","4.25","0.07","3.13","0","0.00"
"FRONTEIRA","1","42","4.13","0.10","15.18","3","0.07"
"GARCA","4","112","4.36","0.08","9.23","10","0.09"
"GAROPABA","2","12","4.50","0.05","15.92","0","0.00"
"GARUVA","1","6","4.33","0.00","10.74","0","0.00"
"GOIANIA","23","265","4.38","0.13","15.49","15","0.06"
"GUANAMBI","1","21","4.48","0.05","9.70","0","0.00"
"GUANHAES","1","9","4.67","0.00","6.39","0","0.00"
"GUARA","4","480","3.92","0.10","12.05","32","0.07"
"GUARATUBA","3","18","3.69","0.17","9.30","1","0.06"
"GUARIBA","1","1132","4.13","0.11","15.06","130","0.12"
"GUARUJA","7","235","4.10","0.09","9.31","16","0.07"
"GUARULHOS","50","2049","4.15","0.18","10.86","191","0.10"
"GUARULHOS-SP","1","41","3.32","0.32","16.10","8","0.21"
"HOLAMBRA","1","7","4.57","0.00","16.16","0","0.00"
"HORTOLANDIA","2","262","4.36","0.04","5.37","22","0.08"
"IBIA","1","38","4.05","0.13","12.92","1","0.03"
"IBITINGA","49","6716","3.85","0.16","14.79","676","0.10"
"ICARA","1","55","4.11","0.09","14.29","0","0.00"
"IGARACU DO TIETE","2","7","2.72","0.25","13.45","0","0.00"
"ILHEUS","1","18","4.50","0.06","14.71","1","0.06"
"ILICINEA","1","718","4.22","0.09","13.65","40","0.06"
"IMBE","1","9","3.89","0.11","21.51","0","0.00"
"IMBITUBA","2","13","4.31","0.00","19.08","2","0.15"
"INDAIAL","2","8","3.75","0.25","8.26","1","0.13"
"INDAIATUBA","8","251","4.01","0.12","11.14","33","0.13"
"IPATINGA","2","36","4.22","0.13","11.80","1","0.03"
"IPAUSSU","1","68","4.34","0.07","10.16","4","0.06"
"ITABORAI","2","19","3.37","0.15","10.45","1","0.05"
"ITAIPULANDIA","2","10","4.20","0.11","21.00","2","0.20"
"ITAJAI","10","229","4.22","0.18","11.27","5","0.02"
"ITAJOBI","2","22","3.55","0.12","18.93","6","0.29"
"ITAPECERICA DA SERRA","4","173","4.17","0.04","10.57","14","0.08"
"ITAPEVA","1","7","3.86","0.14","6.23","0","0.00"
"ITAPEVI","4","68","3.89","0.15","9.08","4","0.06"
"ITAQUAQUECETUBA","9","1243","3.53","0.16","17.71","122","0.10"
"ITATIBA","4","461","3.95","0.09","13.39","56","0.13"
"ITAUNA","2","159","3.83","0.07","9.50","11","0.07"
"ITU","4","28","4.14","0.11","11.23","5","0.18"
"JABOTICABAL","2","127","4.29","0.07","11.51","5","0.04"
"JACAREI","8","897","3.93","0.11","11.82","90","0.10"
"JACI","4","6","4.83","0.00","12.15","1","0.17"
"JACUTINGA","3","99","3.93","0.14","13.20","7","0.08"
"JAGUARIUNA","2","51","4.27","0.02","9.64","4","0.08"
"JAGUARUNA","2","61","3.72","0.13","15.57","4","0.07"
"JALES","1","55","4.05","0.13","13.43","7","0.13"
"JAPIRA","1","11","4.36","0.00","12.51","1","0.09"
"JARAGUA DO SUL","9","187","4.12","0.09","12.74","13","0.07"
"JAU","4","410","4.13","0.08","9.58","18","0.04"
"JI-PARANA","1","8","3.88","0.13","19.35","0","0.00"
"JOAO PESSOA","2","9","4.11","0.07","9.78","0","0.00"
"JOINVILLE","22","631","4.28","0.08","12.19","41","0.07"
"JUIZ DE FORA","10","97","4.09","0.16","16.40","4","0.04"
"JUNDIAI","14","248","3.99","0.24","15.02","19","0.08"
"JUSSARA","1","87","3.79","0.20","17.31","4","0.05"
"LAGES","3","121","4.36","0.04","12.12","6","0.05"
"LAGOA DA PRATA","2","49","4.25","0.05","14.11","2","0.04"
"LAGOA SANTA","1","12","4.33","0.08","9.85","1","0.08"
"LAJEADO","5","62","4.00","0.22","6.79","2","0.03"
"LARANJAL PAULISTA","4","271","4.13","0.09","16.62","37","0.14"
"LAURENTINO","2","9","4.23","0.00","7.93","0","0.00"
"LAURO DE FREITAS","2","359","4.12","0.55","11.91","15","0.04"
"LENCOIS PAULISTA","6","102","4.10","0.07","11.97","6","0.06"
"LIMEIRA","17","837","4.17","0.15","12.00","98","0.12"
"LOANDA","3","39","3.90","0.05","13.76","2","0.05"
"LONDRINA","26","378","4.21","0.14","11.14","20","0.05"
"LORENA","2","9","4.22","0.13","17.18","1","0.11"
"LOUVEIRA","1","110","4.05","0.11","13.07","7","0.07"
"LUIZ ALVES","1","8","4.50","0.00","14.97","0","0.00"
"LUZIANIA","1","16","3.63","0.19","10.51","0","0.00"
"MACAE","3","43","4.25","0.05","9.82","3","0.07"
"MAGE","2","48","4.73","0.51","10.44","1","0.02"
"MAIRINQUE","1","7","4.43","0.00","12.14","0","0.00"
"MAIRIPORA","2","22","4.00","0.03","15.63","1","0.05"
"MAMANGUAPE","1","16","3.33","0.40","15.62","2","0.13"
"MANDAGUACU","1","6","3.50","0.33","7.14","0","0.00"
"MANDIRITUBA","1","15","4.67","0.00","11.04","0","0.00"
"MARECHAL CANDIDO RONDON","3","17","4.18","0.15","19.77","2","0.12"
"MARILIA","15","196","3.95","0.09","10.60","15","0.08"
"MARINGA","42","1904","4.00","0.10","12.68","158","0.08"
"MASSARANDUBA","1","17","4.47","0.06","8.84","1","0.06"
"MATEUS LEME","1","21","3.43","0.33","13.36","2","0.10"
"MAUA","14","443","4.25","0.10","9.88","16","0.04"
"MESQUITA","3","72","4.11","0.11","21.95","10","0.14"
"MINEIROS DO TIETE","1","49","4.49","0.04","12.48","4","0.08"
"MIRANDOPOLIS","1","74","3.89","0.11","11.83","3","0.04"
"MIRASSOL","4","35","4.17","0.04","15.76","3","0.09"
"MOCOCA","1","34","3.65","0.21","11.97","4","0.12"
"MOGI DAS CRUZES","17","322","4.15","0.05","11.16","36","0.11"
"MOGI GUACU","8","199","4.29","0.12","10.58","12","0.06"
"MOGI-MIRIM","3","48","4.52","0.05","13.98","4","0.08"
"MOMBUCA","1","33","4.00","0.15","22.92","6","0.18"
"MONTE ALEGRE DO SUL","3","11","4.27","0.00","6.74","1","0.10"
"MONTE ALTO","1","6","3.33","0.17","32.30","2","0.33"
"MONTEIRO LOBATO","1","39","4.69","0.05","15.09","1","0.03"
"MONTENEGRO","2","142","4.51","0.01","10.70","2","0.01"
"MONTES CLAROS","3","6","4.00","0.17","8.34","0","0.00"
"MONTE SIAO","1","247","4.32","0.09","14.21","17","0.07"
"MORRINHOS","3","36","3.94","0.07","12.12","1","0.03"
"MUCAMBO","1","9","3.67","0.11","21.18","0","0.00"
"MUQUI","1","25","4.24","0.08","14.31","3","0.12"
"MURIAE","1","6","4.33","0.17","8.42","0","0.00"
"NATAL","2","34","4.00","0.22","15.43","5","0.15"
"NAVEGANTES","3","128","4.44","0.03","12.59","1","0.01"
"NILOPOLIS","2","45","4.26","0.09","10.95","1","0.02"
"NITEROI","8","81","4.01","0.16","12.35","9","0.12"
"NOVA FRIBURGO","5","82","4.11","0.14","13.72","4","0.05"
"NOVA IGUACU","6","67","4.40","0.14","16.15","7","0.11"
"NOVA LIMA","1","11","4.18","0.09","10.81","0","0.00"
"NOVA ODESSA","2","13","4.16","0.04","7.76","1","0.08"
"NOVA PETROPOLIS","1","8","4.38","0.13","10.28","1","0.13"
"NOVO HAMBURGO","7","135","4.25","0.45","10.41","3","0.02"
"NOVO HORIZONTE","1","31","4.19","0.06","10.22","3","0.10"
"OSASCO","33","556","4.01","0.18","11.76","48","0.09"
"OURO FINO","1","14","4.36","0.07","15.32","1","0.07"
"OURO PRETO","1","16","4.25","0.13","15.09","1","0.06"
"PAICANDU","1","8","4.25","0.13","16.62","0","0.00"
"PALHOCA","9","39","4.00","0.12","10.60","2","0.05"
"PARA DE MINAS","1","6","3.50","0.33","10.28","1","0.20"
"PARAI","1","18","3.78","0.17","12.09","1","0.06"
"PARAIBA DO SUL","1","20","4.30","0.05","11.86","1","0.05"
"PARANAVAI","1","16","4.13","0.13","12.71","1","0.06"
"PARNAMIRIM","1","14","4.79","0.00","13.36","0","0.00"
"PATO BRANCO","2","9","4.44","0.00","8.43","0","0.00"
"PATOS DE MINAS","2","160","4.46","0.04","8.54","5","0.03"
"PAULINIA","4","39","3.92","0.13","13.72","8","0.22"
"PAULO LOPES","2","6","4.67","0.00","13.08","0","0.00"
"PEDERNEIRAS","1","9","3.89","0.11","9.77","0","0.00"
"PEDREGULHO","1","7","4.43","0.00","10.94","0","0.00"
"PEDREIRA","9","626","4.14","0.15","10.54","34","0.06"
"PELOTAS","3","10","4.40","0.00","7.99","0","0.00"
"PENAPOLIS","5","432","4.06","0.06","11.90","36","0.08"
"PETROPOLIS","6","776","4.23","0.23","11.06","74","0.10"
"PILAR DO SUL","1","26","4.00","0.12","11.75","2","0.08"
"PINHAIS","9","162","4.26","0.08","10.20","6","0.04"
"PINHALAO","1","11","4.36","0.09","15.02","0","0.00"
"PIRACANJUBA","1","8","4.38","0.13","11.26","0","0.00"
"PIRACICABA","13","1633","4.12","0.22","10.61","121","0.07"
"PITANGA","2","13","4.38","0.05","8.44","0","0.00"
"POA","1","138","4.31","0.09","8.74","3","0.02"
"POCOS DE CALDAS","4","46","3.91","0.20","9.46","4","0.10"
"POMPEIA","3","25","4.08","0.08","15.92","2","0.08"
"PONTA GROSSA","6","22","4.23","0.08","9.64","0","0.00"
"PONTE NOVA","1","94","4.19","0.10","16.01","11","0.12"
"PORTAO","1","15","3.87","0.20","16.02","0","0.00"
"PORTO ALEGRE","27","719","4.29","0.13","15.49","37","0.05"
"PORTO BELO","2","9","4.89","0.00","7.83","0","0.00"
"PORTO FERREIRA","10","171","3.77","0.21","16.18","28","0.17"
"PORTO SEGURO","2","43","3.83","0.11","14.95","5","0.12"
"PORTO VELHO","1","6","3.83","0.17","14.83","0","0.00"
"PRADOPOLIS","2","162","4.14","0.15","14.04","19","0.12"
"PRAIA GRANDE","10","1235","4.17","0.06","11.89","86","0.07"
"PRESIDENTE BERNARDES","1","7","2.00","0.57",NULL,"0",NULL
"PRESIDENTE EPITACIO","1","7","4.57","0.00","17.89","1","0.14"
"PRESIDENTE PRUDENTE","12","389","4.14","0.11","13.44","24","0.06"
"PRESIDENTE VENCESLAU","1","6","5.00","0.00","7.93","1","0.17"
"QUEIMADOS","1","65","4.17","0.13","12.78","7","0.11"
"RECIFE","5","361","4.23","0.23","14.25","18","0.05"
"REGISTRO","2","70","4.40","0.06","11.06","3","0.04"
"RIACHO FUNDO","1","8","4.50","0.13","10.68","1","0.13"
"RIBEIRAO DAS NEVES","2","42","4.34","0.05","13.09","1","0.03"
"RIBEIRAO PIRES","6","180","4.14","0.15","10.89","12","0.07"
"RIBEIRAO PRETO","57","2317","3.97","0.16","15.02","276","0.12"
"RIO BONITO","1","6","4.17","0.17","9.52","0","0.00"
"RIO CLARO","12","105","4.36","0.10","9.75","8","0.08"
"RIO DE JANEIRO","97","2209","4.10","0.16","11.33","176","0.08"
"RIO DO SUL","4","182","4.16","0.25","9.90","8","0.04"
"RIO GRANDE","1","16","4.63","0.00","9.21","0","0.00"
"RIO NEGRINHO","1","6","5.00","0.00","8.90","0","0.00"
"RIO VERDE","1","11","3.73","0.27","15.64","0","0.00"
"RODEIO","2","13","3.31","0.25","13.50","0","0.00"
"ROLANDIA","3","175","3.46","0.16","12.23","11","0.07"
"ROLANTE","1","7","4.00","0.14","11.44","0","0.00"
"SABARA","1","6","4.50","0.00","8.20","0","0.00"
"SALTO","9","1225","4.16","0.11","11.73","89","0.07"
"SALVADOR","6","101","4.01","0.29","12.45","10","0.11"
"SAMAMBAIA","2","14","4.43","0.00","8.63","1","0.07"
"SANTA BARBARA D'OESTE","7","612","4.15","0.06","13.15","44","0.07"
"SANTANA DE PARNAIBA","9","146","2.69","0.19","13.24","27","0.20"
"SANTA RITA DO SAPUCAI","7","103","4.22","0.09","14.32","4","0.04"
"SANTA ROSA DE VITERBO","1","12","4.25","0.08","17.89","2","0.17"
"SANTA TEREZINHA DE ITAIPU","3","37","3.72","0.10","12.34","3","0.09"
"SANTO ANDRE","47","2737","4.12","0.13","11.26","184","0.07"
"SANTO ANGELO","1","59","4.24","0.07","12.34","3","0.05"
"SANTO ANTONIO DE PADUA","1","16","4.31","0.06","11.62","1","0.07"
"SANTO ANTONIO DE POSSE","1","16","4.00","0.20","14.79","1","0.06"
"SANTOS","16","513","4.03","0.07","9.64","31","0.06"
"SAO BENTO","1","8","4.25","0.13","9.15","0","0.00"
"SAO BENTO DO SUL","3","16","4.00","0.08","15.24","4","0.25"
"SAO BERNARDO DO CAMPO","34","788","4.22","0.16","9.93","70","0.09"
"SAO CAETANO DO SUL","20","166","4.07","0.14","13.11","17","0.11"
"SAO CARLOS","13","157","4.03","0.07","9.18","13","0.08"
"SAO GONCALO","7","334","4.11","0.27","12.42","33","0.10"
"SAO JOAO DEL REI","2","51","4.53","0.02","10.65","4","0.08"
"SAO JOAO DE MERITI","3","44","3.88","0.23","12.97","6","0.14"
"SAO JOAQUIM DA BARRA","1","58","4.25","0.07","13.30","4","0.07"
"SAO JOSE","4","138","4.38","0.14","12.08","7","0.05"
"SAO JOSE DO RIO PARDO","3","76","4.18","0.16","14.70","4","0.05"
"SAO JOSE DO RIO PRETO","35","2053","4.10","0.19","13.60","197","0.10"
"SAO JOSE DOS CAMPOS","18","651","3.96","0.12","12.18","75","0.12"
"SAO JOSE DOS PINHAIS","12","153","4.23","0.22","10.92","5","0.03"
"SAO LEOPOLDO","2","13","4.08","0.09","11.60","1","0.08"
"SAO LUDGERO","2","115","4.22","0.04","10.87","7","0.06"
"SAO LUIS","1","392","3.99","0.14","17.73","90","0.23"
"SAO PAULO","696","24837","4.08","0.16","11.33","1984","0.08"
"SAO PEDRO","2","34","3.79","0.22","12.23","6","0.18"
"SAO PEDRO DA ALDEIA","1","12","4.75","0.00","7.83","0","0.00"
"SAO ROQUE","7","89","4.19","0.08","8.66","6","0.07"
"SAO SEBASTIAO","1","47","3.77","0.17","14.28","5","0.11"
"SAQUAREMA","1","14","3.36","0.29","14.15","1","0.08"
"SARANDI","3","154","3.91","0.08","12.09","6","0.04"
"SBCAMPO","2","244","4.19","0.09","11.27","23","0.09"
"SERRA","3","9","3.11","0.33","9.11","0","0.00"
"SERRANA","1","18","4.18","0.12","12.07","1","0.06"
"SERRA NEGRA","3","195","4.31","0.09","12.86","11","0.06"
"SETE LAGOAS","4","246","4.38","0.10","12.74","4","0.02"
"SINOP","1","54","4.43","0.04","14.14","1","0.02"
"SOCORRO","1","21","4.33","0.05","13.41","2","0.10"
"SOMBRIO","2","16","4.19","0.17","13.83","2","0.13"
"SOROCABA","32","508","4.06","0.13","10.85","38","0.08"
"SUMARE","5","607","4.33","0.34","8.93","59","0.10"
"SUZANO","3","75","4.05","0.14","16.74","5","0.07"
"TABATINGA","3","38","3.66","0.25","15.76","3","0.08"
"TABOAO DA SERRA","12","74","4.16","0.30","12.01","2","0.03"
"TAGUATINGA","2","182","3.92","0.09","12.87","13","0.07"
"TANABI","2","16","3.94","0.15","12.51","2","0.13"
"TARUMA","1","12","3.25","0.33","13.05","1","0.10"
"TAUBATE","6","60","4.28","0.13","11.50","6","0.10"
"TEIXEIRA SOARES","1","51","3.36","0.26","19.27","8","0.16"
"TERESINA","1","12","4.08","0.17","13.79","0","0.00"
"TERESOPOLIS","2","223","4.46","0.05","10.73","13","0.06"
"TERRA BOA","1","6","3.33","0.33","19.51","1","0.17"
"TIETE","1","11","4.55","0.00","18.12","0","0.00"
"TIMBO","2","107","4.03","0.31","14.22","3","0.03"
"TIMOTEO","1","14","3.86","0.14","19.76","2","0.14"
"TIRADENTES","2","14","3.86","0.12","12.29","1","0.07"
"TOLEDO","8","38","3.87","0.06","9.49","1","0.03"
"TRES CORACOES","3","222","4.01","0.07","12.79","14","0.06"
"TRES DE MAIO","1","7","2.29","0.57","23.69","2","0.33"
"TRES RIOS","1","69","3.99","0.16","12.81","1","0.01"
"TUBARAO","5","34","4.00","0.27","18.47","5","0.15"
"TUPA","5","86","3.99","0.21","10.25","4","0.05"
"UBA","6","203","4.12","0.16","16.62","15","0.08"
"UBATUBA","1","18","4.56","0.06","8.97","0","0.00"
"UBERABA","3","48","4.25","0.03","11.39","4","0.09"
"UBERLANDIA","12","355","4.04","0.10","12.30","38","0.11"
"UMUARAMA","4","183","4.19","0.08","12.86","9","0.05"
"URUACU","2","21","4.35","0.05","11.20","0","0.00"
"VALINHOS","7","76","4.03","0.26","11.71","5","0.07"
"VARGEM GRANDE DO SUL","3","12","3.79","0.07","12.01","2","0.18"
"VARGEM GRANDE PAULISTA","1","14","4.64","0.07","6.63","0","0.00"
"VARGINHA","4","27","3.71","0.65","16.96","1","0.04"
"VARZEA PAULISTA","1","31","4.68","0.00","6.01","1","0.03"
"VASSOURAS","1","11","4.27","0.09","9.72","1","0.09"
"VENANCIO AIRES","3","9","4.89","0.00","8.97","0","0.00"
"VIAMAO","2","72","4.28","0.03","10.23","3","0.04"
"VICOSA","2","44","4.41","0.07","14.63","5","0.11"
"VIDEIRA","2","282","3.86","0.16","20.22","27","0.10"
"VILA VELHA","5","20","4.11","0.04","10.69","1","0.05"
"VITORIA","4","21","4.14","0.11","14.71","3","0.14"
"VOLTA REDONDA","2","143","4.04","0.06","11.44","10","0.07"
"VOTORANTIM","4","207","4.10","0.07","11.56","25","0.12"
"VOTUPORANGA","4","132","3.85","0.15","14.47","14","0.11"
"XANXERE","2","8","3.75","0.57","28.48","1","0.14"
NULL,"7","220","4.11","0.20","14.85","21","0.10"
